<?xml version="1.0" encoding="UTF-8"?>
<GenRun Id="impl_1" LaunchPart="xc7a50ticsg324-1L" LaunchTime="1635966439">
  <File Type="PLACE-UTIL-PB" Name="rete_16_4_utilization_placed.pb"/>
  <File Type="ROUTE-BUS-SKEW" Name="rete_16_4_bus_skew_routed.rpt"/>
  <File Type="BITSTR-MMI" Name="rete_16_4.mmi"/>
  <File Type="BG-BIT" Name="rete_16_4.bit"/>
  <File Type="ROUTE-STATUS-PB" Name="rete_16_4_route_status.pb"/>
  <File Type="ROUTE-METHODOLOGY-DRC" Name="rete_16_4_methodology_drc_routed.rpt"/>
  <File Type="PLACE-CTRL" Name="rete_16_4_control_sets_placed.rpt"/>
  <File Type="ROUTE-STATUS" Name="rete_16_4_route_status.rpt"/>
  <File Type="ROUTE-PWR-RPX" Name="rete_16_4_power_routed.rpx"/>
  <File Type="ROUTE-DRC-RPX" Name="rete_16_4_drc_routed.rpx"/>
  <File Type="ROUTE-DRC-PB" Name="rete_16_4_drc_routed.pb"/>
  <File Type="ROUTE-DRC" Name="rete_16_4_drc_routed.rpt"/>
  <File Type="ROUTE-METHODOLOGY-DRC-PB" Name="rete_16_4_methodology_drc_routed.pb"/>
  <File Type="ROUTE-DCP" Name="rete_16_4_routed.dcp"/>
  <File Type="ROUTE-CLK" Name="rete_16_4_clock_utilization_routed.rpt"/>
  <File Type="BITSTR-BMM" Name="rete_16_4_bd.bmm"/>
  <File Type="ROUTE-TIMING-PB" Name="rete_16_4_timing_summary_routed.pb"/>
  <File Type="BITSTR-MSK" Name="rete_16_4.msk"/>
  <File Type="PLACE-PRE-SIMILARITY" Name="rete_16_4_incremental_reuse_pre_placed.rpt"/>
  <File Type="RDI-RDI" Name="rete_16_4.vdi"/>
  <File Type="WBT-USG" Name="usage_statistics_webtalk.html"/>
  <File Type="POSTPLACE-PWROPT-DCP" Name="rete_16_4_postplace_pwropt.dcp"/>
  <File Type="POSTROUTE-PHYSOPT-DCP" Name="rete_16_4_postroute_physopt.dcp"/>
  <File Type="OPT-HWDEF" Name="rete_16_4.hwdef"/>
  <File Type="OPT-DRC" Name="rete_16_4_drc_opted.rpt"/>
  <File Type="BITSTR-NKY" Name="rete_16_4.nky"/>
  <File Type="PWROPT-DCP" Name="rete_16_4_pwropt.dcp"/>
  <File Type="BITSTR-RBT" Name="rete_16_4.rbt"/>
  <File Type="ROUTE-TIMING-RPX" Name="rete_16_4_timing_summary_routed.rpx"/>
  <File Type="POSTROUTE-PHYSOPT-BLACKBOX-DCP" Name="rete_16_4_postroute_physopt_bb.dcp"/>
  <File Type="PLACE-IO" Name="rete_16_4_io_placed.rpt"/>
  <File Type="PA-TCL" Name="rete_16_4.tcl"/>
  <File Type="ROUTE-BUS-SKEW-PB" Name="rete_16_4_bus_skew_routed.pb"/>
  <File Type="BITSTR-SYSDEF" Name="rete_16_4.sysdef"/>
  <File Type="ROUTE-BLACKBOX-DCP" Name="rete_16_4_routed_bb.dcp"/>
  <File Type="BG-BGN" Name="rete_16_4.bgn"/>
  <File Type="BITSTR-LTX" Name="rete_16_4.ltx"/>
  <File Type="REPORTS-TCL" Name="rete_16_4_reports.tcl"/>
  <File Type="ROUTE-BUS-SKEW-RPX" Name="rete_16_4_bus_skew_routed.rpx"/>
  <File Type="PLACE-UTIL" Name="rete_16_4_utilization_placed.rpt"/>
  <File Type="ROUTE-TIMINGSUMMARY" Name="rete_16_4_timing_summary_routed.rpt"/>
  <File Type="BG-BIN" Name="rete_16_4.bin"/>
  <File Type="PHYSOPT-DCP" Name="rete_16_4_physopt.dcp"/>
  <File Type="PLACE-DCP" Name="rete_16_4_placed.dcp"/>
  <File Type="ROUTE-PWR-SUM" Name="rete_16_4_power_summary_routed.pb"/>
  <File Type="ROUTE-PWR" Name="rete_16_4_power_routed.rpt"/>
  <File Type="OPT-DCP" Name="rete_16_4_opt.dcp"/>
  <File Type="ROUTE-METHODOLOGY-DRC-RPX" Name="rete_16_4_methodology_drc_routed.rpx"/>
  <File Type="ROUTE-ERROR-DCP" Name="rete_16_4_routed_error.dcp"/>
  <File Type="BG-DRC" Name="rete_16_4.drc"/>
  <FileSet Name="sources" Type="DesignSrcs" RelSrcDir="$PSRCDIR/sources_1">
    <Filter Type="Srcs"/>
    <File Path="$PSRCDIR/sources_1/new/demultiplexer_1_4.vhd">
      <FileInfo>
        <Attr Name="ImportPath" Val="$PPRDIR/../../ESEMPI VHDL/rete_16_4 _aggiornato/rete_16_4/multiplexer_16_1.srcs/sources_1/new/demultiplexer_1_4.vhd"/>
        <Attr Name="ImportTime" Val="1634833906"/>
        <Attr Name="UsedIn" Val="synthesis"/>
        <Attr Name="UsedIn" Val="simulation"/>
      </FileInfo>
    </File>
    <File Path="$PSRCDIR/sources_1/new/display.vhd">
      <FileInfo>
        <Attr Name="ImportPath" Val="$PPRDIR/../../ESEMPI VHDL/rete_16_4 _aggiornato/rete_16_4/rete_16_4_led.srcs/sources_1/new/display.vhd"/>
        <Attr Name="ImportTime" Val="1635002402"/>
        <Attr Name="UsedIn" Val="synthesis"/>
        <Attr Name="UsedIn" Val="simulation"/>
      </FileInfo>
    </File>
    <File Path="$PSRCDIR/sources_1/new/multiplexer_16_1.vhd">
      <FileInfo>
        <Attr Name="ImportPath" Val="$PPRDIR/../../ESEMPI VHDL/rete_16_4 _aggiornato/rete_16_4/multiplexer_16_1.srcs/sources_1/new/multiplexer_16_1.vhd"/>
        <Attr Name="ImportTime" Val="1634833719"/>
        <Attr Name="UsedIn" Val="synthesis"/>
        <Attr Name="UsedIn" Val="simulation"/>
      </FileInfo>
    </File>
    <File Path="$PSRCDIR/sources_1/new/multiplexer_2_1.vhd">
      <FileInfo>
        <Attr Name="ImportPath" Val="$PPRDIR/../../ESEMPI VHDL/rete_16_4 _aggiornato/rete_16_4/multiplexer_16_1.srcs/sources_1/new/multiplexer_2_1.vhd"/>
        <Attr Name="ImportTime" Val="1634833719"/>
        <Attr Name="UsedIn" Val="synthesis"/>
        <Attr Name="UsedIn" Val="simulation"/>
      </FileInfo>
    </File>
    <File Path="$PSRCDIR/sources_1/new/multiplexer_4_1.vhd">
      <FileInfo>
        <Attr Name="ImportPath" Val="$PPRDIR/../../ESEMPI VHDL/rete_16_4 _aggiornato/rete_16_4/multiplexer_16_1.srcs/sources_1/new/multiplexer_4_1.vhd"/>
        <Attr Name="ImportTime" Val="1634833719"/>
        <Attr Name="UsedIn" Val="synthesis"/>
        <Attr Name="UsedIn" Val="simulation"/>
      </FileInfo>
    </File>
    <File Path="$PSRCDIR/sources_1/new/rete_16_4.vhd">
      <FileInfo>
        <Attr Name="ImportPath" Val="$PPRDIR/../../ESEMPI VHDL/rete_16_4 _aggiornato/rete_16_4/multiplexer_16_1.srcs/sources_1/new/rete_16_4.vhd"/>
        <Attr Name="ImportTime" Val="1634834699"/>
        <Attr Name="UsedIn" Val="synthesis"/>
        <Attr Name="UsedIn" Val="simulation"/>
      </FileInfo>
    </File>
    <Config>
      <Option Name="DesignMode" Val="RTL"/>
      <Option Name="TopModule" Val="rete_16_4"/>
      <Option Name="TopAutoSet" Val="TRUE"/>
    </Config>
  </FileSet>
  <FileSet Name="constrs_in" Type="Constrs" RelSrcDir="$PSRCDIR/constrs_1">
    <Filter Type="Constrs"/>
    <File Path="$PSRCDIR/constrs_1/imports/digilent-xdc-master/Nexys-A7-100T-Master.xdc">
      <FileInfo>
        <Attr Name="ImportPath" Val="$PPRDIR/../../ESEMPI VHDL/Scrivania/PROCESSO DI SVILUPPO SU FPGA/digilent-xdc-master/Nexys-A7-100T-Master.xdc"/>
        <Attr Name="ImportTime" Val="1634194983"/>
        <Attr Name="UsedIn" Val="synthesis"/>
        <Attr Name="UsedIn" Val="implementation"/>
      </FileInfo>
    </File>
    <Config>
      <Option Name="ConstrsType" Val="XDC"/>
    </Config>
  </FileSet>
  <FileSet Name="utils" Type="Utils" RelSrcDir="$PSRCDIR/utils_1">
    <Filter Type="Utils"/>
    <Config>
      <Option Name="TopAutoSet" Val="TRUE"/>
    </Config>
  </FileSet>
  <Strategy Version="1" Minor="2">
    <StratHandle Name="Vivado Implementation Defaults" Flow="Vivado Implementation 2019"/>
    <Step Id="init_design"/>
    <Step Id="opt_design"/>
    <Step Id="power_opt_design"/>
    <Step Id="place_design"/>
    <Step Id="post_place_power_opt_design"/>
    <Step Id="phys_opt_design"/>
    <Step Id="route_design"/>
    <Step Id="post_route_phys_opt_design"/>
    <Step Id="write_bitstream"/>
  </Strategy>
</GenRun>
