<?xml version="1.0" encoding="UTF-8"?>
<GenRun Id="synth_1" LaunchPart="xc7a50ticsg324-1L" LaunchTime="1635966439">
  <File Type="PA-TCL" Name="rete_16_4.tcl"/>
  <File Type="RDS-DCP" Name="rete_16_4.dcp"/>
  <File Type="REPORTS-TCL" Name="rete_16_4_reports.tcl"/>
  <File Type="RDS-RDS" Name="rete_16_4.vds"/>
  <File Type="RDS-UTIL" Name="rete_16_4_utilization_synth.rpt"/>
  <File Type="RDS-UTIL-PB" Name="rete_16_4_utilization_synth.pb"/>
  <FileSet Name="sources" Type="DesignSrcs" RelSrcDir="$PSRCDIR/sources_1">
    <Filter Type="Srcs"/>
    <File Path="$PSRCDIR/sources_1/new/demultiplexer_1_4.vhd">
      <FileInfo>
        <Attr Name="ImportPath" Val="$PPRDIR/../../ESEMPI VHDL/rete_16_4 _aggiornato/rete_16_4/multiplexer_16_1.srcs/sources_1/new/demultiplexer_1_4.vhd"/>
        <Attr Name="ImportTime" Val="1634833906"/>
        <Attr Name="UsedIn" Val="synthesis"/>
        <Attr Name="UsedIn" Val="simulation"/>
      </FileInfo>
    </File>
    <File Path="$PSRCDIR/sources_1/new/display.vhd">
      <FileInfo>
        <Attr Name="ImportPath" Val="$PPRDIR/../../ESEMPI VHDL/rete_16_4 _aggiornato/rete_16_4/rete_16_4_led.srcs/sources_1/new/display.vhd"/>
        <Attr Name="ImportTime" Val="1635002402"/>
        <Attr Name="UsedIn" Val="synthesis"/>
        <Attr Name="UsedIn" Val="simulation"/>
      </FileInfo>
    </File>
    <File Path="$PSRCDIR/sources_1/new/multiplexer_16_1.vhd">
      <FileInfo>
        <Attr Name="ImportPath" Val="$PPRDIR/../../ESEMPI VHDL/rete_16_4 _aggiornato/rete_16_4/multiplexer_16_1.srcs/sources_1/new/multiplexer_16_1.vhd"/>
        <Attr Name="ImportTime" Val="1634833719"/>
        <Attr Name="UsedIn" Val="synthesis"/>
        <Attr Name="UsedIn" Val="simulation"/>
      </FileInfo>
    </File>
    <File Path="$PSRCDIR/sources_1/new/multiplexer_2_1.vhd">
      <FileInfo>
        <Attr Name="ImportPath" Val="$PPRDIR/../../ESEMPI VHDL/rete_16_4 _aggiornato/rete_16_4/multiplexer_16_1.srcs/sources_1/new/multiplexer_2_1.vhd"/>
        <Attr Name="ImportTime" Val="1634833719"/>
        <Attr Name="UsedIn" Val="synthesis"/>
        <Attr Name="UsedIn" Val="simulation"/>
      </FileInfo>
    </File>
    <File Path="$PSRCDIR/sources_1/new/multiplexer_4_1.vhd">
      <FileInfo>
        <Attr Name="ImportPath" Val="$PPRDIR/../../ESEMPI VHDL/rete_16_4 _aggiornato/rete_16_4/multiplexer_16_1.srcs/sources_1/new/multiplexer_4_1.vhd"/>
        <Attr Name="ImportTime" Val="1634833719"/>
        <Attr Name="UsedIn" Val="synthesis"/>
        <Attr Name="UsedIn" Val="simulation"/>
      </FileInfo>
    </File>
    <File Path="$PSRCDIR/sources_1/new/rete_16_4.vhd">
      <FileInfo>
        <Attr Name="ImportPath" Val="$PPRDIR/../../ESEMPI VHDL/rete_16_4 _aggiornato/rete_16_4/multiplexer_16_1.srcs/sources_1/new/rete_16_4.vhd"/>
        <Attr Name="ImportTime" Val="1634834699"/>
        <Attr Name="UsedIn" Val="synthesis"/>
        <Attr Name="UsedIn" Val="simulation"/>
      </FileInfo>
    </File>
    <Config>
      <Option Name="DesignMode" Val="RTL"/>
      <Option Name="TopModule" Val="rete_16_4"/>
      <Option Name="TopAutoSet" Val="TRUE"/>
    </Config>
  </FileSet>
  <FileSet Name="constrs_in" Type="Constrs" RelSrcDir="$PSRCDIR/constrs_1">
    <Filter Type="Constrs"/>
    <File Path="$PSRCDIR/constrs_1/imports/digilent-xdc-master/Nexys-A7-100T-Master.xdc">
      <FileInfo>
        <Attr Name="ImportPath" Val="$PPRDIR/../../ESEMPI VHDL/Scrivania/PROCESSO DI SVILUPPO SU FPGA/digilent-xdc-master/Nexys-A7-100T-Master.xdc"/>
        <Attr Name="ImportTime" Val="1634194983"/>
        <Attr Name="UsedIn" Val="synthesis"/>
        <Attr Name="UsedIn" Val="implementation"/>
      </FileInfo>
    </File>
    <Config>
      <Option Name="ConstrsType" Val="XDC"/>
    </Config>
  </FileSet>
  <FileSet Name="utils" Type="Utils" RelSrcDir="$PSRCDIR/utils_1">
    <Filter Type="Utils"/>
    <Config>
      <Option Name="TopAutoSet" Val="TRUE"/>
    </Config>
  </FileSet>
  <Strategy Version="1" Minor="2">
    <StratHandle Name="Vivado Synthesis Defaults" Flow="Vivado Synthesis 2019"/>
    <Step Id="synth_design"/>
  </Strategy>
</GenRun>
