<?xml version="1.0" encoding="UTF-8"?>
<GenRun Id="impl_1" LaunchPart="xc7a100tcsg324-1" LaunchTime="1643564190">
  <File Type="BITSTR-BMM" Name="cronometro_on_board_bd.bmm"/>
  <File Type="OPT-METHODOLOGY-DRC" Name="cronometro_on_board_methodology_drc_opted.rpt"/>
  <File Type="INIT-TIMING" Name="cronometro_on_board_timing_summary_init.rpt"/>
  <File Type="ROUTE-PWR" Name="cronometro_on_board_power_routed.rpt"/>
  <File Type="PA-TCL" Name="cronometro_on_board.tcl"/>
  <File Type="OPT-TIMING" Name="cronometro_on_board_timing_summary_opted.rpt"/>
  <File Type="OPT-DCP" Name="cronometro_on_board_opt.dcp"/>
  <File Type="ROUTE-PWR-SUM" Name="cronometro_on_board_power_summary_routed.pb"/>
  <File Type="REPORTS-TCL" Name="cronometro_on_board_reports.tcl"/>
  <File Type="OPT-DRC" Name="cronometro_on_board_drc_opted.rpt"/>
  <File Type="OPT-HWDEF" Name="cronometro_on_board.hwdef"/>
  <File Type="PWROPT-DCP" Name="cronometro_on_board_pwropt.dcp"/>
  <File Type="PWROPT-DRC" Name="cronometro_on_board_drc_pwropted.rpt"/>
  <File Type="PWROPT-TIMING" Name="cronometro_on_board_timing_summary_pwropted.rpt"/>
  <File Type="PLACE-DCP" Name="cronometro_on_board_placed.dcp"/>
  <File Type="PLACE-IO" Name="cronometro_on_board_io_placed.rpt"/>
  <File Type="PLACE-CLK" Name="cronometro_on_board_clock_utilization_placed.rpt"/>
  <File Type="PLACE-UTIL" Name="cronometro_on_board_utilization_placed.rpt"/>
  <File Type="PLACE-UTIL-PB" Name="cronometro_on_board_utilization_placed.pb"/>
  <File Type="PLACE-CTRL" Name="cronometro_on_board_control_sets_placed.rpt"/>
  <File Type="PLACE-SIMILARITY" Name="cronometro_on_board_incremental_reuse_placed.rpt"/>
  <File Type="PLACE-PRE-SIMILARITY" Name="cronometro_on_board_incremental_reuse_pre_placed.rpt"/>
  <File Type="BG-BGN" Name="cronometro_on_board.bgn"/>
  <File Type="PLACE-TIMING" Name="cronometro_on_board_timing_summary_placed.rpt"/>
  <File Type="POSTPLACE-PWROPT-DCP" Name="cronometro_on_board_postplace_pwropt.dcp"/>
  <File Type="BG-BIN" Name="cronometro_on_board.bin"/>
  <File Type="POSTPLACE-PWROPT-TIMING" Name="cronometro_on_board_timing_summary_postplace_pwropted.rpt"/>
  <File Type="PHYSOPT-DCP" Name="cronometro_on_board_physopt.dcp"/>
  <File Type="PHYSOPT-DRC" Name="cronometro_on_board_drc_physopted.rpt"/>
  <File Type="BITSTR-MSK" Name="cronometro_on_board.msk"/>
  <File Type="PHYSOPT-TIMING" Name="cronometro_on_board_timing_summary_physopted.rpt"/>
  <File Type="ROUTE-ERROR-DCP" Name="cronometro_on_board_routed_error.dcp"/>
  <File Type="ROUTE-DCP" Name="cronometro_on_board_routed.dcp"/>
  <File Type="ROUTE-BLACKBOX-DCP" Name="cronometro_on_board_routed_bb.dcp"/>
  <File Type="ROUTE-DRC" Name="cronometro_on_board_drc_routed.rpt"/>
  <File Type="ROUTE-DRC-PB" Name="cronometro_on_board_drc_routed.pb"/>
  <File Type="BITSTR-LTX" Name="debug_nets.ltx"/>
  <File Type="BITSTR-LTX" Name="cronometro_on_board.ltx"/>
  <File Type="ROUTE-DRC-RPX" Name="cronometro_on_board_drc_routed.rpx"/>
  <File Type="BITSTR-MMI" Name="cronometro_on_board.mmi"/>
  <File Type="ROUTE-METHODOLOGY-DRC" Name="cronometro_on_board_methodology_drc_routed.rpt"/>
  <File Type="ROUTE-METHODOLOGY-DRC-RPX" Name="cronometro_on_board_methodology_drc_routed.rpx"/>
  <File Type="BITSTR-SYSDEF" Name="cronometro_on_board.sysdef"/>
  <File Type="ROUTE-METHODOLOGY-DRC-PB" Name="cronometro_on_board_methodology_drc_routed.pb"/>
  <File Type="ROUTE-PWR-RPX" Name="cronometro_on_board_power_routed.rpx"/>
  <File Type="ROUTE-STATUS" Name="cronometro_on_board_route_status.rpt"/>
  <File Type="ROUTE-STATUS-PB" Name="cronometro_on_board_route_status.pb"/>
  <File Type="ROUTE-TIMINGSUMMARY" Name="cronometro_on_board_timing_summary_routed.rpt"/>
  <File Type="ROUTE-TIMING-PB" Name="cronometro_on_board_timing_summary_routed.pb"/>
  <File Type="ROUTE-TIMING-RPX" Name="cronometro_on_board_timing_summary_routed.rpx"/>
  <File Type="ROUTE-SIMILARITY" Name="cronometro_on_board_incremental_reuse_routed.rpt"/>
  <File Type="ROUTE-CLK" Name="cronometro_on_board_clock_utilization_routed.rpt"/>
  <File Type="ROUTE-BUS-SKEW" Name="cronometro_on_board_bus_skew_routed.rpt"/>
  <File Type="ROUTE-BUS-SKEW-PB" Name="cronometro_on_board_bus_skew_routed.pb"/>
  <File Type="ROUTE-BUS-SKEW-RPX" Name="cronometro_on_board_bus_skew_routed.rpx"/>
  <File Type="POSTROUTE-PHYSOPT-DCP" Name="cronometro_on_board_postroute_physopt.dcp"/>
  <File Type="POSTROUTE-PHYSOPT-BLACKBOX-DCP" Name="cronometro_on_board_postroute_physopt_bb.dcp"/>
  <File Type="POSTROUTE-PHYSOPT-TIMING" Name="cronometro_on_board_timing_summary_postroute_physopted.rpt"/>
  <File Type="POSTROUTE-PHYSOPT-TIMING-PB" Name="cronometro_on_board_timing_summary_postroute_physopted.pb"/>
  <File Type="POSTROUTE-PHYSOPT-TIMING-RPX" Name="cronometro_on_board_timing_summary_postroute_physopted.rpx"/>
  <File Type="POSTROUTE-PHYSOPT-BUS-SKEW" Name="cronometro_on_board_bus_skew_postroute_physopted.rpt"/>
  <File Type="POSTROUTE-PHYSOPT-BUS-SKEW-PB" Name="cronometro_on_board_bus_skew_postroute_physopted.pb"/>
  <File Type="BG-BIT" Name="cronometro_on_board.bit"/>
  <File Type="POSTROUTE-PHYSOPT-BUS-SKEW-RPX" Name="cronometro_on_board_bus_skew_postroute_physopted.rpx"/>
  <File Type="BITSTR-RBT" Name="cronometro_on_board.rbt"/>
  <File Type="BITSTR-NKY" Name="cronometro_on_board.nky"/>
  <File Type="BG-DRC" Name="cronometro_on_board.drc"/>
  <File Type="RDI-RDI" Name="cronometro_on_board.vdi"/>
  <File Type="WBT-USG" Name="usage_statistics_webtalk.html"/>
  <FileSet Name="sources" Type="DesignSrcs" RelSrcDir="$PSRCDIR/sources_1">
    <Filter Type="Srcs"/>
    <File Path="$PSRCDIR/sources_1/new/ButtonDebouncer.vhd">
      <FileInfo>
        <Attr Name="UsedIn" Val="synthesis"/>
        <Attr Name="UsedIn" Val="simulation"/>
      </FileInfo>
    </File>
    <File Path="$PSRCDIR/sources_1/new/CaricaOrario.vhd">
      <FileInfo>
        <Attr Name="UsedIn" Val="synthesis"/>
        <Attr Name="UsedIn" Val="simulation"/>
      </FileInfo>
    </File>
    <File Path="$PSRCDIR/sources_1/new/Memoria.vhd">
      <FileInfo>
        <Attr Name="UsedIn" Val="synthesis"/>
        <Attr Name="UsedIn" Val="simulation"/>
      </FileInfo>
    </File>
    <File Path="$PSRCDIR/sources_1/imports/Display7Seg - Vivado/anodes_manager.vhd">
      <FileInfo>
        <Attr Name="UsedIn" Val="synthesis"/>
        <Attr Name="UsedIn" Val="simulation"/>
      </FileInfo>
    </File>
    <File Path="$PSRCDIR/sources_1/imports/Display7Seg - Vivado/cathodes_manager.vhd">
      <FileInfo>
        <Attr Name="UsedIn" Val="synthesis"/>
        <Attr Name="UsedIn" Val="simulation"/>
      </FileInfo>
    </File>
    <File Path="$PSRCDIR/sources_1/imports/Display7Seg - Vivado/clock_filter.vhd">
      <FileInfo>
        <Attr Name="UsedIn" Val="synthesis"/>
        <Attr Name="UsedIn" Val="simulation"/>
      </FileInfo>
    </File>
    <File Path="$PSRCDIR/sources_1/new/cont_o.vhd">
      <FileInfo>
        <Attr Name="ImportPath" Val="$PPRDIR/../Documenti/ASD/Progetti tesina/Cronometro_v3/Cronometro.srcs/sources_1/new/cont_o.vhd"/>
        <Attr Name="ImportTime" Val="1638726936"/>
        <Attr Name="UsedIn" Val="synthesis"/>
        <Attr Name="UsedIn" Val="simulation"/>
      </FileInfo>
    </File>
    <File Path="$PSRCDIR/sources_1/new/cont_sm.vhd">
      <FileInfo>
        <Attr Name="ImportPath" Val="$PPRDIR/../Documenti/ASD/Progetti tesina/Cronometro_v3/Cronometro.srcs/sources_1/new/cont_sm.vhd"/>
        <Attr Name="ImportTime" Val="1638726936"/>
        <Attr Name="UsedIn" Val="synthesis"/>
        <Attr Name="UsedIn" Val="simulation"/>
      </FileInfo>
    </File>
    <File Path="$PSRCDIR/sources_1/imports/Display7Seg - Vivado/counter_mod4.vhd">
      <FileInfo>
        <Attr Name="UsedIn" Val="synthesis"/>
        <Attr Name="UsedIn" Val="simulation"/>
      </FileInfo>
    </File>
    <File Path="$PSRCDIR/sources_1/new/cronometro.vhd">
      <FileInfo>
        <Attr Name="ImportPath" Val="$PPRDIR/../Documenti/ASD/Progetti tesina/Cronometro_v3/Cronometro.srcs/sources_1/new/cronometro.vhd"/>
        <Attr Name="ImportTime" Val="1638726936"/>
        <Attr Name="UsedIn" Val="synthesis"/>
        <Attr Name="UsedIn" Val="simulation"/>
      </FileInfo>
    </File>
    <File Path="$PSRCDIR/sources_1/imports/Display7Seg - Vivado/display_seven_segments.vhd">
      <FileInfo>
        <Attr Name="UsedIn" Val="synthesis"/>
        <Attr Name="UsedIn" Val="simulation"/>
      </FileInfo>
    </File>
    <File Path="$PSRCDIR/sources_1/new/intertempi.vhd">
      <FileInfo>
        <Attr Name="UsedIn" Val="synthesis"/>
        <Attr Name="UsedIn" Val="simulation"/>
      </FileInfo>
    </File>
    <File Path="$PSRCDIR/sources_1/new/mux.vhd">
      <FileInfo>
        <Attr Name="UsedIn" Val="synthesis"/>
        <Attr Name="UsedIn" Val="simulation"/>
      </FileInfo>
    </File>
    <File Path="$PSRCDIR/sources_1/new/unita_controllo.vhd">
      <FileInfo>
        <Attr Name="UsedIn" Val="synthesis"/>
        <Attr Name="UsedIn" Val="simulation"/>
      </FileInfo>
    </File>
    <File Path="$PSRCDIR/sources_1/new/cronometro_on_board.vhd">
      <FileInfo>
        <Attr Name="ImportPath" Val="$PPRDIR/../Documenti/ASD/Progetti tesina/Cronometro_v3/Cronometro.srcs/sources_1/new/cronometro_on_board.vhd"/>
        <Attr Name="ImportTime" Val="1638983368"/>
        <Attr Name="UsedIn" Val="synthesis"/>
        <Attr Name="UsedIn" Val="simulation"/>
      </FileInfo>
    </File>
    <Config>
      <Option Name="DesignMode" Val="RTL"/>
      <Option Name="TopModule" Val="cronometro_on_board"/>
      <Option Name="TopAutoSet" Val="TRUE"/>
    </Config>
  </FileSet>
  <FileSet Name="constrs_in" Type="Constrs" RelSrcDir="$PSRCDIR/constrs_1">
    <Filter Type="Constrs"/>
    <File Path="$PSRCDIR/constrs_1/imports/digilent-xdc-master/Nexys-A7-100T-Master.xdc">
      <FileInfo>
        <Attr Name="ImportPath" Val="$PPRDIR/../Documenti/ASD/Progetti tesina/ROMonDisplay/ROMonDisplay.srcs/constrs_1/imports/digilent-xdc-master/Nexys-A7-100T-Master.xdc"/>
        <Attr Name="ImportTime" Val="1637170181"/>
        <Attr Name="UsedIn" Val="synthesis"/>
        <Attr Name="UsedIn" Val="implementation"/>
      </FileInfo>
    </File>
    <Config>
      <Option Name="ConstrsType" Val="XDC"/>
    </Config>
  </FileSet>
  <FileSet Name="utils" Type="Utils" RelSrcDir="$PSRCDIR/utils_1">
    <Filter Type="Utils"/>
    <Config>
      <Option Name="TopAutoSet" Val="TRUE"/>
    </Config>
  </FileSet>
  <Strategy Version="1" Minor="2">
    <StratHandle Name="Vivado Implementation Defaults" Flow="Vivado Implementation 2019"/>
    <Step Id="init_design"/>
    <Step Id="opt_design"/>
    <Step Id="power_opt_design"/>
    <Step Id="place_design"/>
    <Step Id="post_place_power_opt_design"/>
    <Step Id="phys_opt_design"/>
    <Step Id="route_design"/>
    <Step Id="post_route_phys_opt_design"/>
    <Step Id="write_bitstream"/>
  </Strategy>
</GenRun>
