<?xml version="1.0" encoding="UTF-8"?>
<GenRun Id="synth_1" LaunchPart="xc7a100tcsg324-1" LaunchTime="1643563849">
  <File Type="PA-TCL" Name="cronometro_on_board.tcl"/>
  <File Type="RDS-PROPCONSTRS" Name="cronometro_on_board_drc_synth.rpt"/>
  <File Type="REPORTS-TCL" Name="cronometro_on_board_reports.tcl"/>
  <File Type="RDS-RDS" Name="cronometro_on_board.vds"/>
  <File Type="RDS-UTIL" Name="cronometro_on_board_utilization_synth.rpt"/>
  <File Type="RDS-UTIL-PB" Name="cronometro_on_board_utilization_synth.pb"/>
  <File Type="RDS-DCP" Name="cronometro_on_board.dcp"/>
  <File Type="VDS-TIMINGSUMMARY" Name="cronometro_on_board_timing_summary_synth.rpt"/>
  <File Type="VDS-TIMING-PB" Name="cronometro_on_board_timing_summary_synth.pb"/>
  <FileSet Name="sources" Type="DesignSrcs" RelSrcDir="$PSRCDIR/sources_1">
    <Filter Type="Srcs"/>
    <File Path="$PSRCDIR/sources_1/new/ButtonDebouncer.vhd">
      <FileInfo>
        <Attr Name="UsedIn" Val="synthesis"/>
        <Attr Name="UsedIn" Val="simulation"/>
      </FileInfo>
    </File>
    <File Path="$PSRCDIR/sources_1/new/CaricaOrario.vhd">
      <FileInfo>
        <Attr Name="UsedIn" Val="synthesis"/>
        <Attr Name="UsedIn" Val="simulation"/>
      </FileInfo>
    </File>
    <File Path="$PSRCDIR/sources_1/imports/Display7Seg - Vivado/anodes_manager.vhd">
      <FileInfo>
        <Attr Name="UsedIn" Val="synthesis"/>
        <Attr Name="UsedIn" Val="simulation"/>
      </FileInfo>
    </File>
    <File Path="$PSRCDIR/sources_1/imports/Display7Seg - Vivado/cathodes_manager.vhd">
      <FileInfo>
        <Attr Name="UsedIn" Val="synthesis"/>
        <Attr Name="UsedIn" Val="simulation"/>
      </FileInfo>
    </File>
    <File Path="$PSRCDIR/sources_1/imports/Display7Seg - Vivado/clock_filter.vhd">
      <FileInfo>
        <Attr Name="UsedIn" Val="synthesis"/>
        <Attr Name="UsedIn" Val="simulation"/>
      </FileInfo>
    </File>
    <File Path="$PSRCDIR/sources_1/new/cont_o.vhd">
      <FileInfo>
        <Attr Name="ImportPath" Val="$PPRDIR/../Documenti/ASD/Progetti tesina/Documenti/ASD/Progetti tesina/Cronometro_v4/Cronometro.srcs/sources_1/new/cont_o.vhd"/>
        <Attr Name="ImportTime" Val="1638987556"/>
        <Attr Name="UsedIn" Val="synthesis"/>
        <Attr Name="UsedIn" Val="simulation"/>
      </FileInfo>
    </File>
    <File Path="$PSRCDIR/sources_1/new/cont_sm.vhd">
      <FileInfo>
        <Attr Name="ImportPath" Val="$PPRDIR/../Documenti/ASD/Progetti tesina/Documenti/ASD/Progetti tesina/Cronometro_v4/Cronometro.srcs/sources_1/new/cont_sm.vhd"/>
        <Attr Name="ImportTime" Val="1638987576"/>
        <Attr Name="UsedIn" Val="synthesis"/>
        <Attr Name="UsedIn" Val="simulation"/>
      </FileInfo>
    </File>
    <File Path="$PSRCDIR/sources_1/imports/Display7Seg - Vivado/counter_mod4.vhd">
      <FileInfo>
        <Attr Name="UsedIn" Val="synthesis"/>
        <Attr Name="UsedIn" Val="simulation"/>
      </FileInfo>
    </File>
    <File Path="$PSRCDIR/sources_1/new/cronometro.vhd">
      <FileInfo>
        <Attr Name="ImportPath" Val="$PPRDIR/../Documenti/ASD/Progetti tesina/Documenti/ASD/Progetti tesina/Cronometro_v4/Cronometro.srcs/sources_1/new/cronometro.vhd"/>
        <Attr Name="ImportTime" Val="1638986170"/>
        <Attr Name="UsedIn" Val="synthesis"/>
        <Attr Name="UsedIn" Val="simulation"/>
      </FileInfo>
    </File>
    <File Path="$PSRCDIR/sources_1/imports/Display7Seg - Vivado/display_seven_segments.vhd">
      <FileInfo>
        <Attr Name="UsedIn" Val="synthesis"/>
        <Attr Name="UsedIn" Val="simulation"/>
      </FileInfo>
    </File>
    <File Path="$PSRCDIR/sources_1/new/cronometro_on_board.vhd">
      <FileInfo>
        <Attr Name="ImportPath" Val="$PPRDIR/../Documenti/ASD/Progetti tesina/Documenti/ASD/Progetti tesina/Cronometro_v4/Cronometro.srcs/sources_1/new/cronometro_on_board.vhd"/>
        <Attr Name="ImportTime" Val="1638993218"/>
        <Attr Name="UsedIn" Val="synthesis"/>
        <Attr Name="UsedIn" Val="simulation"/>
      </FileInfo>
    </File>
    <Config>
      <Option Name="DesignMode" Val="RTL"/>
      <Option Name="TopModule" Val="cronometro_on_board"/>
      <Option Name="TopAutoSet" Val="TRUE"/>
    </Config>
  </FileSet>
  <FileSet Name="constrs_in" Type="Constrs" RelSrcDir="$PSRCDIR/constrs_1">
    <Filter Type="Constrs"/>
    <File Path="$PSRCDIR/constrs_1/imports/digilent-xdc-master/Nexys-A7-100T-Master.xdc">
      <FileInfo>
        <Attr Name="ImportPath" Val="$PPRDIR/../Documenti/ASD/Progetti tesina/Documenti/ASD/Progetti tesina/ROMonDisplay/ROMonDisplay.srcs/constrs_1/imports/digilent-xdc-master/Nexys-A7-100T-Master.xdc"/>
        <Attr Name="ImportTime" Val="1637170181"/>
        <Attr Name="UsedIn" Val="synthesis"/>
        <Attr Name="UsedIn" Val="implementation"/>
      </FileInfo>
    </File>
    <Config>
      <Option Name="ConstrsType" Val="XDC"/>
    </Config>
  </FileSet>
  <FileSet Name="utils" Type="Utils" RelSrcDir="$PSRCDIR/utils_1">
    <Filter Type="Utils"/>
    <Config>
      <Option Name="TopAutoSet" Val="TRUE"/>
    </Config>
  </FileSet>
  <Strategy Version="1" Minor="2">
    <StratHandle Name="Vivado Synthesis Defaults" Flow="Vivado Synthesis 2019"/>
    <Step Id="synth_design"/>
  </Strategy>
</GenRun>
